{
  "device": "mps",
  "models": [
    "transformer",
    "triple-hybrid",
    "triple-hybrid-assoc-prev-sum",
    "triple-hybrid-assoc-prev-logits"
  ],
  "config": {
    "d_model": 64,
    "n_layers": 3,
    "n_heads": 4,
    "state_dim": 8,
    "dropout": 0.1,
    "lm_steps": 80,
    "lm_batch_size": 16,
    "memory_steps": 200,
    "memory_batch_size": 32,
    "seq_len": 128,
    "eval_batches": 64,
    "bench_seq_lens": [
      64,
      512
    ]
  },
  "summary_rows": [
    {
      "model": "transformer",
      "num_params": 174656,
      "lm_val_bpb": 5.143506782295738,
      "lm_train_seconds": 1.1886698339949362,
      "memory_accuracy": 0.25439453125,
      "memory_train_seconds": 4.077256291988306,
      "tok_per_s_seq64": 622323.7494419769,
      "tok_per_s_seq512": 327087.04614762083
    },
    {
      "model": "triple-hybrid-assoc-prev-logits",
      "num_params": 214552,
      "lm_val_bpb": 3.657181167114207,
      "lm_train_seconds": 125.40182849997655,
      "memory_accuracy": 0.1337890625,
      "memory_train_seconds": 316.126800249971,
      "tok_per_s_seq64": 2435.536571223405,
      "tok_per_s_seq512": 2131.195008866925
    },
    {
      "model": "triple-hybrid-assoc-prev-sum",
      "num_params": 214424,
      "lm_val_bpb": 4.832373511440072,
      "lm_train_seconds": 127.45040575001622,
      "memory_accuracy": 0.1337890625,
      "memory_train_seconds": 321.37225733400555,
      "tok_per_s_seq64": 2420.311209129208,
      "tok_per_s_seq512": 2125.768391199476
    },
    {
      "model": "triple-hybrid",
      "num_params": 177560,
      "lm_val_bpb": 4.843287858305755,
      "lm_train_seconds": 22.452590791974217,
      "memory_accuracy": 0.1337890625,
      "memory_train_seconds": 57.604926457977854,
      "tok_per_s_seq64": 18132.007734533432,
      "tok_per_s_seq512": 18586.853465558543
    }
  ],
  "lm_results": [
    {
      "task": "language_modeling",
      "model": "transformer",
      "dataset": "wikitext2-bytes",
      "steps": 80,
      "batch_size": 16,
      "seq_len": 128,
      "seed": 7,
      "device": "mps",
      "train_seconds": 1.1886698339949362,
      "train_loss_last": 3.5881459712982178,
      "train_loss_mean_last_10": 3.629060482978821,
      "val_loss": 3.5652072243392467,
      "val_bpb": 5.143506782295738,
      "val_perplexity": 35.34677735798526,
      "num_params": 174848,
      "checkpoint_path": "auto_research_llm_ideas/results/_dual_memory_prev_query_v1/lm/transformer/transformer_lm.pt"
    },
    {
      "task": "language_modeling",
      "model": "triple-hybrid",
      "dataset": "wikitext2-bytes",
      "steps": 80,
      "batch_size": 16,
      "seq_len": 128,
      "seed": 7,
      "device": "mps",
      "train_seconds": 22.452590791974217,
      "train_loss_last": 3.422663450241089,
      "train_loss_mean_last_10": 3.496804976463318,
      "val_loss": 3.3571113236248493,
      "val_bpb": 4.843287858305755,
      "val_perplexity": 28.70614822311499,
      "num_params": 177752,
      "checkpoint_path": "auto_research_llm_ideas/results/_dual_memory_prev_query_v1/lm/triple-hybrid/triple-hybrid_lm.pt"
    },
    {
      "task": "language_modeling",
      "model": "triple-hybrid-assoc-prev-sum",
      "dataset": "wikitext2-bytes",
      "steps": 80,
      "batch_size": 16,
      "seq_len": 128,
      "seed": 7,
      "device": "mps",
      "train_seconds": 127.45040575001622,
      "train_loss_last": 3.414877414703369,
      "train_loss_mean_last_10": 3.4779125452041626,
      "val_loss": 3.3495460748672485,
      "val_bpb": 4.832373511440072,
      "val_perplexity": 28.489798472635993,
      "num_params": 214616,
      "checkpoint_path": "auto_research_llm_ideas/results/_dual_memory_prev_query_v1/lm/triple-hybrid-assoc-prev-sum/triple-hybrid-assoc-prev-sum_lm.pt"
    },
    {
      "task": "language_modeling",
      "model": "triple-hybrid-assoc-prev-logits",
      "dataset": "wikitext2-bytes",
      "steps": 80,
      "batch_size": 16,
      "seq_len": 128,
      "seed": 7,
      "device": "mps",
      "train_seconds": 125.40182849997655,
      "train_loss_last": 2.627265691757202,
      "train_loss_mean_last_10": 2.7132975101470946,
      "val_loss": 2.5349648147821426,
      "val_bpb": 3.657181167114207,
      "val_perplexity": 12.615986943978406,
      "num_params": 214744,
      "checkpoint_path": "auto_research_llm_ideas/results/_dual_memory_prev_query_v1/lm/triple-hybrid-assoc-prev-logits/triple-hybrid-assoc-prev-logits_lm.pt"
    }
  ],
  "memory_results": [
    {
      "task": "associative_recall",
      "model": "transformer",
      "steps": 200,
      "batch_size": 32,
      "seq_len": 128,
      "seed": 19,
      "device": "mps",
      "train_seconds": 4.077256291988306,
      "train_loss_last": 1.9742813110351562,
      "eval_loss": 1.99387670122087,
      "eval_accuracy": 0.25439453125,
      "num_params": 162368
    },
    {
      "task": "associative_recall",
      "model": "triple-hybrid",
      "steps": 200,
      "batch_size": 32,
      "seq_len": 128,
      "seed": 19,
      "device": "mps",
      "train_seconds": 57.604926457977854,
      "train_loss_last": 2.1214051246643066,
      "eval_loss": 2.1236207112669945,
      "eval_accuracy": 0.1337890625,
      "num_params": 165272
    },
    {
      "task": "associative_recall",
      "model": "triple-hybrid-assoc-prev-sum",
      "steps": 200,
      "batch_size": 32,
      "seq_len": 128,
      "seed": 19,
      "device": "mps",
      "train_seconds": 321.37225733400555,
      "train_loss_last": 2.1212100982666016,
      "eval_loss": 2.126017227768898,
      "eval_accuracy": 0.1337890625,
      "num_params": 202136
    },
    {
      "task": "associative_recall",
      "model": "triple-hybrid-assoc-prev-logits",
      "steps": 200,
      "batch_size": 32,
      "seq_len": 128,
      "seed": 19,
      "device": "mps",
      "train_seconds": 316.126800249971,
      "train_loss_last": 2.117403507232666,
      "eval_loss": 2.106379233300686,
      "eval_accuracy": 0.1337890625,
      "num_params": 202264
    }
  ],
  "benchmark_results": [
    {
      "task": "throughput_benchmark",
      "model": "transformer",
      "device": "mps",
      "seq_len": 64,
      "batch_size": 8,
      "timed_iters": 20,
      "num_params": 199424,
      "tokens_per_second": 622323.7494419769,
      "milliseconds_per_iter": 0.8227229001931846,
      "memory_mb": 0.7646484375
    },
    {
      "task": "throughput_benchmark",
      "model": "transformer",
      "device": "mps",
      "seq_len": 512,
      "batch_size": 8,
      "timed_iters": 20,
      "num_params": 199424,
      "tokens_per_second": 327087.04614762083,
      "milliseconds_per_iter": 12.522660399554297,
      "memory_mb": 0.7919921875
    },
    {
      "task": "throughput_benchmark",
      "model": "triple-hybrid",
      "device": "mps",
      "seq_len": 64,
      "batch_size": 8,
      "timed_iters": 20,
      "num_params": 202328,
      "tokens_per_second": 18132.007734533432,
      "milliseconds_per_iter": 28.237358349724673,
      "memory_mb": 0.779052734375
    },
    {
      "task": "throughput_benchmark",
      "model": "triple-hybrid",
      "device": "mps",
      "seq_len": 512,
      "batch_size": 8,
      "timed_iters": 20,
      "num_params": 202328,
      "tokens_per_second": 18586.853465558543,
      "milliseconds_per_iter": 220.37081249873154,
      "memory_mb": 0.806396484375
    },
    {
      "task": "throughput_benchmark",
      "model": "triple-hybrid-assoc-prev-sum",
      "device": "mps",
      "seq_len": 64,
      "batch_size": 8,
      "timed_iters": 20,
      "num_params": 239192,
      "tokens_per_second": 2420.311209129208,
      "milliseconds_per_iter": 211.54304374940693,
      "memory_mb": 0.986083984375
    },
    {
      "task": "throughput_benchmark",
      "model": "triple-hybrid-assoc-prev-sum",
      "device": "mps",
      "seq_len": 512,
      "batch_size": 8,
      "timed_iters": 20,
      "num_params": 239192,